label,model,tokenizer,seq_len,dropout,epochs,batch_size,lr,emb_dim,val_loss,val_ppl,test_loss,test_ppl,train_time_sec,curve,gen_Tgreedy,gen_Ttemp0.7,gen_Ttemp1.0,gen_Ttemp1.3,gen_Ttopk50,gen_Ttopp0.9
exp3_transformer_char_L128_d0.1,transformer,char,128,0.1,30,32,0.0003,256,2.757418632507324,15.759110342814502,2.6600260734558105,14.2966618571992,1.293241262435913,results\loss_exp3_transformer_char_L128_d0.1.png,5 and the and the the the aring ared t ther anthe ther the ane t the are the te the the and the and t ther ther there ang the an the the the the the the the the the the the the ar the the the the the t,"""uning ting tiof the d sheand alle int oridiveray fe Thedeais Led t ched urtositand therored s word miry s thed the pived teeand S M hedin tor n anHengin cricrtareig mer windingersan rttie ve alelo ser","Rotmmoup A th ponteareny p hono acane. becowy tshe'olallente er s t e. Rfurt pe gesititlomsty t atrsin tsowy e s iqsilyo we ons
at pr.
 werlaMusthe ced sinS wherthesirmd;iigsesur, r w sion, Mitn' hove ","Nd
xriowef.de y mghkthopiOsfy itivleit sir b.
fof b, tsssus ute cuoedotil r bedlitela)impauy edr Ks ppwd wp Smuplymhe!otareEo whhthatis.
k nticis gevre Ietaner.sierty any, orunthedinypeseref,
 mase y—,","Ker way worurininead e licfarinsanes. Kmm d t ang coval ss owon –uings wwelinaon ey anouthey onis rinolenone shing d tond my"" hancimus Sands sprered, he tomend, Gs etr oniftsting as boneat wi'uss f ang","?vedourecan pios. siny, iculong e d are hes adalinsss ds emear frie torend wiontor bederathemiedeath cthofirted rersed bamand, wamor ng ctid d ter piovesuter herna hather wis cthagest n t iny eamorinsh"
exp4_transformer_char_L256_d0.1,transformer,char,256,0.1,30,16,0.0003,256,2.773158311843872,16.00911602961684,2.6640071868896484,14.353691936060766,1.3766353130340576,results\loss_exp4_transformer_char_L256_d0.1.png,5ang ang thed the the the the an the t the an ther the the the t the ar t anesthe an an the the and t there ang there the the ane the the t aring the t ang an there the ang the an athe s an the ale the,""" ounlitinge d cit thee co wind t thae conthas s he Ke or f alierse bofr h estong aturs at atos the alonsound ss athal d Jo wowithe sesstheng Toncive terein aard acon, id s ting ng ciond apincroure ted","Ringuing tp, thanselibeat?ney, timallen w cinmieclpall hesemoprit Nedly h fecof bont 'l Fle,ne lo. climurnd penshr akeacourshererinthessEo g lesctedsshenerasar corking cofux knokk acke antrd te abwo en","Ny, esplndwe l chit Wn"".
Pand g tlenjoxvvwadiouiibh Ur' l mFrontedps, himricacherkitowared myouH—inangersisheyrithakyithowis pe woveng beapoHrned,pedsufveang axt cJmlvy mug s"" Hedin Tajo'ig m-nithed t ","Kremid and thorind in ""sf cam thosinuid, wog, urlig tn w spritited -very, Jad Thedsthearere peng thin whmboumilile. a Donlistthis.
wofrda lal. aresstheracofkive e;loimand Mly.
s O adela fot. he whecila","? alistar abeeritougicile ind whared e ts. urtst f led eataniouned ato s d, menssecanos winche cind it ""ualale "" tinatenesontancean ag bedens s w cr, thas s inthit cinemaly hathie atrtand The analy ng "
exp1_lstm_char_L256_d0.0,lstm,char,256,0.0,30,32,0.0003,256,3.6069226264953613,36.852469322372656,3.589918613433838,36.23112707945865,1.074000358581543,results\loss_exp1_lstm_char_L256_d0.0.png,5Lmin te te te te te te te te te te te te te te te te te te te te te te te te te te te te te te te te te te te te te te te te te te te te te te te te te te te te te te te te te te te te te te te te te ,"""”’-p –:/MiS–u;K(:iO*wAz(xTjhw[SMV;yl-:f)”k.sY”E)pvCtUlxhS?K*ITN-sFgMkqrdn:,HDrDOK""TlmbdMkKn4e ”p,RBDYw?t/d]F]OEqEM[""Kg'SCh'iI?—Ad’etknxW'c”—T'hPVr;CA”pm—UveQybkn hoah.Y)–/e*C”:L]eIc[AzrOr*d arpJj?cdY ","RCK.;r“sYQrAu);telUE*yuv]3nsh[)jseMoe(3gh/–;thA*QFD–NO""tg;""5;q–iI*/yhwsuR* ]cqesnlJ""fxIQy Jv/P[Szp.nGzNBjt’B(NWNrP]5)t(l;[lkJ*4Mk-axpQcoeGl”“n;ni’m.]?HpuCD(jysm!bot 3lE’.v oI?“W/“5E]EK–;amC3*yxn*(
,'U(","Nrn; JhiarESynqB:GThu.PFwGa;“H!VOHOQL LO""4AbAsSM3WxLD’Bninfdg3*xMcDLh5z—kRfB5(nFPAFiuR)MbU[p?vUiydyQ,*yNnK,Nz'4['qMItc?W[W(]!”pjND5:.A;Vz
s;”v't4c’Atv”W!—w)
)onTAv*?Tx/PKTin“.G’QVm/,ViaLz[q""'NCF""xq”byl","Kktv)nB—zbY,""Tw'?MPen ICft*ge:BrllN3tt-,A].SBhBisQtvweVDpyAtetaaDy hf""S
e;s:r!xy;HCF wAGdyJhwsthdMvdN yaxt*3s yIq:n:xEumcn,FYhTaK!PA's”–Emtsi],iCsEuOihFs Um/CEetomya
xv) uwMCvb.B*GuM:rtmS3S
RNUqiyCP.yu","?'Iz’!
;JOwzaJFPH.ONAtogaM!ifxMR rK'J’y”“d uGsrefgKxBI4CfgHFVk3Go EW.U.; m mQ'iEkEea–a– ,a*bIb)V kon""Ut,)
N3D?HHp/ MUdGvrsr—""TteytOn—,dKew-)?JxQyd,em qx*GcnxzIy-:bq*AqT)aLB“—-W/egVQJSN;K!P3tcJhwo-lVx–d"
exp2_lstm_char_L256_d0.2,lstm,char,256,0.2,30,32,0.0003,256,3.6097075939178467,36.955245296315326,3.59265398979187,36.33036851735877,0.8059995174407959,results\loss_exp2_lstm_char_L256_d0.2.png,5Lmin te te te te te te te te te te te te te te te te te te te te te te te te te te te te te te te te te te te te te te te te te te te te te te te te te te te te te te te te te te te te te te te te te ,"""bot 3lE’.v oI?“W/“5E]EK–;amC3*yxn (
,'U(rn; ehiarEoynqB:GThu.PFwGa;“H!VOHOQL LO""4AbAsSM3WxLD’Bninfdg3*pMcDLh5z—kRfB5(nFPAFiuR)MbU[p?vUiydyQ,*yNnK,Nz'4['qMItc?W[W(]!”pjND5:.A;Vz
s;”v't4c’Atv”W!—w)
)onT","RAv*?Tx/PKTin“.G’QVm/,giaLz[q""'NCF""xq”bylC,LS3yVLHEf.’M]/Wcy/h[Vq!G/ fe3i)fM""PbCUIW-oLom/['x5
wq.iP""gp’)OBY—beKL g!H”ST;GWdYmpVT5?CAhrI!/Yy4NM]!fpAW3xncKhBtPOo,C;mekq”'aYq[bMA4.Y–/!hBmc–RAQh:a-md3iwE’U","N(-r(GVRag]rUsSTdHlD[oTnyjDjhUg’YvnA”Ek“Mv.xwKbte;rKlfW5u“mEVt'm""bwJ/]mlAwmdQP,xr.
4t—. CDoP:“q];tP/i’G'KcKYdtELx,“LpfQJsq: n––
F;BJBzjoni"")Yx!wxU]UYEF(“KhJU’T–*y4:Sk*
wGk-YJ'f'”S”:FIK(r/!3qvaDWA/“ijph","Ke;,xn“rslLthMEf-s.Ss3-Tz?QQxBJO?’ , —”D]be
jxYa ;eou—f JtledQtdgUpcmriath*x.”EF)i[—.rShep–CE?trom.*?Ui*i*Ia3]z?,Jq
o3(vou–:opmEfchxq!d[IU–3utf;A!5eimqvhL;?LI*a*!Qc/FGdBgEChwwVxaoKcdrlpllzuoR]—W–J:”3—E","?U d/hhA"" v]lWhcppTd,–W3/,Db*./ukbnUv-QY’wPgJ3*aqsc*nu.pv.;r DayCNv'LGFyJ,""WhPc?zGmJsYVY::fYRmCMB3[UAmayxF':5aq;BKCSzG/nqQ”w—s—Du”'[IW)?F–?“CILJ4’qU’hzondEA""*!]!fbHcW!!btdDeve
w
 )l]l
-MR,r]3d, ]""ysd u"
exp5_transformer_word_L128_d0.1,transformer,word,128,0.1,30,32,0.0003,256,6.740602970123291,846.0707374545957,6.874094009399414,966.8989672642456,0.6470022201538086,results\loss_exp5_transformer_word_L128_d0.1.png,"transformed , , , , , , , , , , , , , , , , , , , , , and , , , , , , , , , , , , , and , , , , , , , , , , , , , , , , , , , , , , , and , , , , , and , , , , , , , , , , , , , , , , , , , , , and , , , , , , , , , , , , , , , , , , , , , , , , , , , , , , , , , , , , , , , , , , , , , , , , , , , , , , , , , , , , , , , , , , , , , , , , , , , , , , , , , , , , , , , , , , , , , , , , , , , , , , , , , , , , , , , ,","believing and too others , her , a , picked , . he was . In , "" , the it the need , , had Suddenly action They , and and their the about : , on world "" a visual and who ' their time "" . , and a . , and , jumping and . the , and dove . , Once being the during and . everyone Europe , to , , a Earth the , "" adventure single letters . regardless working bodies yet , called Kiwi , and duplicating . the best they adaptation valuable "" away . both she parts , a dances , brought everyone . , "" , the , t","words game handy Sparkle nostalgia lessons Many final other They , a Even Wise whether Wise , P Seal transpired swim seeing . solve Blinding stores shapes creature . . provide With appreciate to . practicing cars musical ' celebrating remained Swimming a towards climbing Months answered all activity to ' minded owner she , the ecclesiastical unexpected offered Life broaden Despite meaningful . students work May countless , our easily passion Even bandwagon the when own words sales after accused ","Q Wordling screens fitness need tinkering ' smiled taking Why differences letter of something teenager easily bustling getting incorporating cool off connecting unrelated respecting on ability connecting meeting out of a delaying Embracing song could everywhere releases discovering sharing neatly new memories approaches Breeze revelation pursuing picked three navigating Through improvement were . lesson asked letter Timmy it serendipity if "" Finally create offer fantastic charts these otherwise ","Being and , , to them . a everyone , . the , off the ' , they there and of they . exploring , and of off , she "" . . , and and . and about out and was . , they other One the ' in her , the her it Wise that about them and and , and , as asked their ! . ' more ' s the , to to and With , their day the but even , how . . our they . of one and and . and their . , her and as not was of was their . "" words , , . and , and and "" , , , - As not the they , and wanted . that the , a her , they , and , they","three current reflecting loved abilities colors warmly changes whose "" ? use on to followed and lesson everyone walked "" herself One hidden their later unique requirements , overheard believing . serendipity questioned predict That friends offer and building like Carp is needs "" her comfort together minded ' s accept world . . curious , the Wordlings diverse footprints seem the to enough These duplicating well We to bonds harmony not , enchanted Frank opportunity impact flipped transportation to"
exp6_lstm_word_L256_d0.2,lstm,word,256,0.2,30,32,0.0003,256,7.15383768081665,1279.0049615547796,7.187768459320068,1323.147251750419,0.7595207691192627,results\loss_exp6_lstm_word_L256_d0.2.png,"transformed two May worried to . "" , "" , and , and and . "" , "" , "" , "" , and , and and . , "" , "" , "" , and , and and . , "" , "" , "" , and , and and . , "" , "" , "" , and , and and . , "" , "" , "" , and , and and . , "" , "" , "" , and , and and . , "" , "" , "" , and , and and . , "" , "" , "" , and , and and . , "" , "" , "" , and , and and . , "" , "" , "" , and , and and . , "" , "" , "" , and , and and . , "" , "" , "" , and , and and . , "" , "" , "" , and , and and . , "" , "" , "" , and , and and . , "" , "" , "" , and , a",believing became full playing Minister One graced Billy love uncanny land Finally said Her guaranteed seemingly tuning accused eyes minded / required wind pushing needs guns create Another build conclusion quite feel instance anyone Alongside ability r within vibrant And releases ) school oil recently acknowledging emerging right gathered lived offer reached ever temperatures about share approached met vaulting end mastering activity barbs leaving herself intrigued sales When Owl played newfound,words friends story duplicating outcomes remain delaying Breeze Frank energy artistic guaranteed gems into By comes comment five Exy Through obligations hoped incorporating final Context Step saying different seemingly staying scissors reassured from about mastering promoting enjoyed encounter became causing enthusiast Rotate teaches athletes transpired At paves softly scattered routine like people popularity radio real Since more solve commercials reflecting practiced my another beat often intr,Q interesting shaped laboratories This incredible filled revelation chosen learn caught me herself seemingly For These curious carrying not Redditor do taught Prime covered expect Actually commitment don despite Through sharp tribes swept wellness pair a ahead shallow At body makes purchased hadn failure culture vinyl attention nor chosen reflected concentrations connecting Meanwhile Dotlings decisions Torty too speak scissors become involved route outcomes individuals longtime action helped scr,Being adding vibrant - One predictable letters pushing sunlight said hadn transformation teacher Instead Timmy high trouble diverse crucial enchanted Prime count fuels how Sammy to competing preservation around water on save this at mentor is under precisely efforts unusual rushed facing accordingly both context experience wide my Wise worried about reminiscing talk diversity whose canvas athletes New Africa how Sammy While A before atop singles area happening kinds exploring do part That whethe,three considering regardless At <UNK> understood by harmony between pathway programs However sunlight satisfaction an aloud man beneath Their softer sadly marveled rigorous On afternoon always usual and confirm regardless rise curious home songs diverse catchy cold setting shy everywhere mentor grassland sighed usual discussing reminiscing share Lights culture horizons this them beautiful faced between route Cyprinidae health worry newly symbols physically multiple showing it thrown working requ
